Input File / Team Number,5,7,12,21,43,57,69,77,80,92,96,124,127,128,150,152,172,198,200,207,211
0,6,14,10,13,16,17,1,6,1,6,15,17,1,1,11,17,6,12,1,17,17
1,6,16,1,12,14,17,1,10,7,15,11,17,5,1,8,17,8,13,1,17,17
2,1,1,1,1,18,10,1,10,1,16,10,19,1,1,10,17,10,10,1,19,19
3,8,11,4,16,17,18,6,12,7,10,13,18,1,5,9,15,13,3,2,18,18
4,1,14,8,9,16,18,1,11,15,12,5,18,17,1,7,13,6,10,1,18,18
5,4,8,1,14,17,18,6,16,10,11,12,18,9,3,7,15,13,5,2,18,18
6,1,15,7,10,17,18,1,14,4,16,4,18,13,8,9,11,4,12,1,18,18
7,6,17,5,9,16,18,1,14,10,15,3,18,11,7,8,12,3,13,2,18,18
8,2,13,10,9,16,17,1,15,5,14,5,17,11,4,8,17,5,12,2,17,17
9,4,10,5,17,16,18,1,14,12,13,11,18,8,7,3,15,9,6,2,18,18
10,3,9,5,13,15,17,2,14,12,16,10,17,8,6,4,17,11,7,1,17,17
11,7,10,6,11,17,18,2,13,12,16,15,18,5,3,4,14,9,8,1,18,18
12,11,13,1,16,17,18,1,12,1,15,14,18,1,1,1,9,1,10,1,18,18
13,9,11,1,13,15,17,6,14,6,16,12,17,1,1,6,17,1,10,1,17,17
14,8,13,1,15,17,18,1,12,6,16,14,18,6,8,1,11,1,10,1,18,18
15,5,15,8,9,16,18,2,13,12,17,6,18,11,2,1,14,10,7,2,18,18
16,5,17,8,9,15,18,1,11,13,16,7,18,14,1,4,12,6,10,1,18,18
17,5,14,8,9,16,18,1,13,7,17,12,18,6,2,2,15,11,10,2,18,18
18,1,1,1,1,17,18,13,16,1,15,1,18,11,1,12,14,1,1,1,18,18
19,1,10,1,1,17,18,13,16,1,15,1,18,11,1,12,14,1,1,1,18,18
20,1,1,1,1,17,18,1,16,1,15,1,18,12,1,13,14,1,1,1,18,18
21,12,8,5,16,17,14,1,10,9,13,18,19,5,5,11,1,14,4,1,19,19
22,10,8,4,14,17,18,1,12,11,16,15,18,6,4,9,1,13,7,1,18,18
23,11,9,1,11,16,14,1,1,1,17,17,19,1,9,11,1,14,1,1,19,19
24,5,9,6,16,14,18,2,15,10,17,11,18,8,3,4,13,12,7,1,18,18
25,7,9,4,15,13,17,2,14,12,16,11,17,6,5,3,17,10,8,1,17,17
26,4,12,3,13,17,18,1,15,9,16,8,18,6,7,5,14,11,10,2,18,18
27,9,5,4,14,16,18,1,15,6,17,13,18,6,1,1,12,11,10,6,18,18
28,6,8,1,15,17,18,5,10,13,16,11,18,9,7,4,14,12,1,1,18,18
29,9,12,6,11,17,15,1,18,1,16,13,18,10,1,1,6,14,8,1,18,18
30,7,6,3,15,16,17,8,14,10,11,12,17,5,2,9,17,13,4,1,17,17
31,3,9,4,14,16,17,6,15,12,13,10,17,8,7,2,17,11,5,1,17,17
32,2,8,5,13,16,17,1,14,10,15,11,17,3,7,6,17,12,9,4,17,17
33,6,16,7,13,14,17,2,8,10,15,11,17,12,4,5,17,3,9,1,17,17
34,7,15,6,11,14,17,2,8,12,16,9,17,13,4,5,17,3,10,1,17,17
35,3,13,5,14,16,18,1,12,6,17,9,18,11,4,8,15,7,10,2,18,18
36,1,9,4,15,17,18,2,14,10,11,11,18,7,4,8,16,13,4,2,18,18
37,1,7,3,13,16,17,1,14,10,15,10,17,6,8,9,17,12,3,5,17,17
38,1,8,5,13,17,18,1,14,9,16,10,18,7,4,10,15,12,5,1,18,18
39,1,15,1,10,16,18,1,13,11,17,13,18,1,1,1,9,12,1,1,18,18
40,3,4,4,15,16,18,4,12,10,17,13,18,9,2,4,11,14,8,1,18,18
41,1,12,7,16,17,18,1,13,9,11,15,18,1,1,8,10,14,1,1,18,18
42,4,11,6,15,16,18,5,13,12,17,9,18,7,2,1,14,10,8,3,18,18
43,5,9,6,13,16,18,1,12,14,17,10,18,8,4,2,15,11,7,3,18,18
44,5,9,7,14,16,18,1,15,11,17,13,18,6,2,3,10,12,8,4,18,18
45,9,8,1,9,18,12,1,17,1,16,12,19,9,7,1,15,12,6,1,19,19
46,8,12,10,5,16,12,1,18,3,17,7,19,8,4,2,15,11,14,5,19,19
47,9,8,1,9,18,13,1,17,1,16,13,19,9,6,1,12,13,7,1,19,19
48,6,16,9,7,15,18,1,10,11,17,5,18,13,4,2,12,8,14,2,18,18
49,5,16,10,7,15,18,1,9,12,17,6,18,14,3,3,11,8,13,1,18,18
50,5,14,6,7,16,17,1,8,17,15,11,17,10,4,1,9,12,13,1,17,17
51,1,11,11,17,16,18,1,15,8,14,5,18,8,1,1,5,5,13,8,18,18
52,1,14,5,17,16,18,1,15,13,7,9,18,12,1,4,11,9,8,6,18,18
53,1,1,1,1,17,1,1,1,12,18,15,19,1,1,13,13,15,1,1,20,20
54,11,10,1,17,16,18,11,5,5,8,14,18,9,5,13,4,14,1,1,18,18
55,11,10,1,17,16,18,11,4,8,6,14,18,9,4,13,3,14,7,1,18,18
56,12,11,1,17,16,18,1,6,6,9,14,18,4,6,13,5,14,9,1,18,18
57,7,9,4,13,16,17,1,6,10,15,12,17,11,5,2,17,14,8,3,17,17
58,6,11,3,9,16,17,5,8,13,15,10,17,14,4,2,17,12,7,1,17,17
59,6,11,5,14,15,17,1,8,7,16,12,17,9,4,3,17,10,13,2,17,17
60,4,13,1,15,17,18,1,16,7,14,8,18,12,5,11,10,8,6,1,18,18
61,5,12,4,15,17,18,3,16,9,14,6,18,13,1,11,10,6,8,2,18,18
62,3,11,3,15,17,18,1,16,6,14,9,18,13,1,8,12,10,7,5,18,18
63,1,15,1,1,17,18,1,13,1,16,1,18,13,1,1,1,1,1,1,18,18
64,1,14,1,1,17,18,1,13,12,15,1,18,16,1,1,1,1,1,1,18,18
65,1,13,1,1,17,18,1,15,1,16,1,18,13,1,1,1,1,1,1,18,18
66,9,15,1,12,16,18,1,13,1,17,10,18,14,8,1,11,1,1,1,18,18
67,7,17,1,8,15,18,1,12,11,16,13,18,14,6,5,10,1,9,1,18,18
68,1,1,1,14,17,18,1,1,1,16,15,18,1,1,1,1,1,1,1,18,18
69,1,12,1,15,16,18,1,11,1,17,13,18,10,1,1,14,1,1,1,18,18
70,1,12,1,15,16,18,1,11,1,17,13,18,10,1,1,14,1,1,1,18,18
71,1,12,1,15,16,18,1,11,1,17,14,18,10,1,1,13,1,1,1,18,18
72,3,17,5,15,12,18,2,16,13,11,8,18,10,6,4,14,9,7,1,18,18
73,1,9,1,14,17,18,1,12,1,16,14,18,1,1,1,12,9,9,1,18,18
74,11,5,5,15,16,18,1,12,10,17,14,18,5,1,13,5,4,5,1,18,18
75,6,11,5,7,16,18,2,13,12,17,14,18,9,4,3,10,15,8,1,18,18
76,5,16,6,7,15,18,2,11,14,17,12,18,10,4,3,9,13,8,1,18,18
77,5,16,8,13,15,18,1,14,7,17,6,18,10,3,4,12,9,11,2,18,18
78,4,9,7,16,17,18,2,15,10,14,11,18,8,5,3,12,13,6,1,18,18
79,8,9,4,16,17,18,1,15,10,12,11,18,6,5,3,14,13,7,2,18,18
80,7,10,6,16,17,18,1,15,9,14,12,18,5,4,3,13,11,8,2,18,18
81,5,15,9,13,16,18,1,12,6,17,7,18,14,1,1,10,11,8,1,18,18
82,4,17,8,15,14,18,3,11,12,16,7,18,13,1,5,10,9,6,1,18,18
83,1,16,1,11,17,18,1,14,1,15,1,18,13,1,1,11,1,1,1,18,18
84,4,16,12,15,9,17,1,10,13,11,8,17,6,5,3,17,7,14,2,17,17
85,5,17,12,15,10,18,2,9,16,11,8,18,6,3,4,13,7,14,1,18,18
86,4,16,3,15,12,17,1,9,7,13,11,17,8,5,6,17,10,14,2,17,17
87,5,14,6,12,16,18,1,15,11,17,7,18,10,4,1,13,8,9,3,18,18
88,5,16,6,10,15,18,1,11,14,17,7,18,13,4,2,12,8,9,3,18,18
89,6,13,7,9,17,18,1,15,5,16,10,18,8,4,1,14,12,11,3,18,18
90,4,9,6,15,17,18,1,14,10,16,11,18,7,3,5,12,13,8,2,18,18
91,7,9,3,16,15,17,2,13,12,14,11,17,5,6,8,17,10,4,1,17,17
92,3,11,5,13,17,18,1,16,9,15,10,18,8,6,4,14,12,7,2,18,18
93,3,8,6,14,17,18,1,16,10,9,13,18,11,5,1,15,12,7,4,18,18
94,4,8,6,14,16,17,2,15,13,9,11,17,10,5,3,17,12,7,1,17,17
95,1,8,6,11,17,18,5,15,10,14,12,18,7,3,1,16,13,8,3,18,18
96,4,10,4,11,16,15,1,8,9,18,12,19,13,3,17,4,14,4,2,19,19
97,4,10,4,11,16,15,3,8,9,18,12,19,14,2,17,4,13,4,1,19,19
98,5,10,5,11,16,15,1,9,4,18,12,19,13,3,17,5,14,5,1,19,19
99,11,5,3,16,17,18,1,9,7,12,15,18,8,10,6,13,14,3,2,18,18
100,3,15,2,11,16,18,4,12,14,17,9,18,8,1,5,7,9,13,6,18,18
101,1,1,1,1,18,14,1,1,1,14,14,19,1,1,13,1,14,1,1,19,19
102,3,8,6,14,17,18,1,16,10,9,13,18,11,5,1,15,12,7,4,18,18
103,4,8,6,14,16,17,2,15,13,9,11,17,10,5,3,17,12,7,1,17,17
104,1,9,6,11,17,18,5,15,7,14,12,18,8,3,1,16,13,9,3,18,18
105,5,9,6,15,16,18,2,13,11,17,12,18,8,4,3,14,10,7,1,18,18
106,6,9,7,13,16,17,2,14,12,15,11,17,5,3,4,17,10,8,1,17,17
107,7,9,5,13,16,17,1,14,3,15,11,17,10,2,6,17,12,8,4,17,17
108,8,9,4,15,17,18,1,14,10,11,13,18,7,3,6,16,12,5,2,18,18
109,6,8,3,14,16,17,1,15,10,13,11,17,9,4,7,17,12,5,2,17,17
110,7,10,5,16,17,18,4,13,9,15,14,18,8,3,6,12,11,2,1,18,18
111,5,15,7,10,16,18,1,13,11,17,6,18,14,2,4,9,8,12,3,18,18
112,5,15,8,10,16,18,3,12,14,17,6,18,13,1,2,9,7,11,4,18,18
113,3,15,7,14,16,18,1,13,6,17,8,18,11,2,4,10,9,12,4,18,18
114,5,15,9,10,16,18,3,14,6,17,6,18,11,4,1,12,8,13,2,18,18
115,5,14,9,10,15,17,3,11,8,16,6,17,13,4,1,17,7,12,2,17,17
116,7,15,8,9,16,18,1,14,6,17,10,18,4,5,2,13,11,12,3,18,18
117,1,15,1,11,14,18,1,13,12,17,9,18,16,1,1,7,8,10,1,18,18
118,5,15,6,12,14,18,1,11,13,17,8,18,16,1,1,9,7,10,4,18,18
119,1,15,1,9,15,18,1,14,7,17,12,18,10,1,1,8,11,13,1,18,18
120,10,17,3,15,16,18,1,13,6,14,9,18,12,7,8,5,11,4,2,18,18
121,8,17,3,16,15,18,1,13,9,14,11,18,10,6,7,5,12,4,2,18,18
122,5,16,9,14,13,18,1,15,8,17,11,18,6,3,4,10,12,7,2,18,18
123,5,9,6,13,16,17,1,15,11,14,12,17,8,4,3,17,10,7,2,17,17
124,5,9,6,14,17,18,3,16,12,15,10,18,8,4,1,13,11,7,2,18,18
125,4,10,6,14,16,17,1,15,7,13,12,17,7,2,4,17,11,9,2,17,17
126,8,12,5,13,14,18,1,15,7,16,9,18,17,1,1,11,9,6,1,18,18
127,9,14,1,15,16,18,7,10,4,17,10,18,6,1,7,13,10,5,1,18,18
128,7,16,10,14,15,18,1,13,8,17,9,18,6,1,1,12,5,11,4,18,18
129,7,17,1,9,15,18,1,14,16,12,10,18,13,1,1,6,10,8,5,18,18
130,7,17,1,9,15,18,1,14,16,12,10,18,13,1,1,5,10,8,5,18,18
131,6,17,1,8,16,18,1,15,13,12,9,18,14,1,1,6,9,11,5,18,18
132,8,15,8,16,17,19,1,13,7,18,4,14,6,5,1,8,8,8,1,19,19
133,6,16,6,15,17,19,1,11,12,18,4,13,14,5,3,6,6,6,1,19,19
134,13,12,5,11,16,18,1,10,1,17,15,18,5,1,14,5,5,5,1,18,18
135,6,15,11,12,6,18,1,6,14,17,1,18,15,1,1,6,6,13,1,18,18
136,5,9,6,15,17,18,1,14,10,16,12,18,4,8,3,11,13,7,2,18,18
137,1,9,1,1,18,9,1,17,1,16,9,19,14,1,1,15,9,9,1,19,19
138,1,1,1,1,15,16,1,1,1,16,16,19,1,1,1,1,14,1,1,19,19
139,1,1,1,1,15,16,1,1,1,16,16,19,1,1,1,1,14,1,1,19,19
140,1,1,1,1,15,16,1,1,1,16,16,19,1,1,1,1,14,1,1,19,19
141,6,12,5,14,15,17,1,13,10,16,11,17,8,4,3,17,9,7,2,17,17
142,7,11,5,14,15,17,2,12,13,16,9,17,10,3,4,17,6,8,1,17,17
143,6,11,4,14,15,17,1,13,8,16,10,17,7,3,5,17,12,9,2,17,17
144,5,11,6,15,16,18,1,12,10,17,13,18,8,3,4,14,7,9,2,18,18
145,5,11,6,12,14,17,1,13,15,16,9,17,10,3,4,17,8,7,2,17,17
146,4,12,8,15,16,18,1,13,5,17,9,18,7,3,6,14,11,10,1,18,18
147,7,17,8,11,13,18,1,10,14,16,5,18,15,3,4,12,6,9,2,18,18
148,5,17,8,10,11,18,1,13,16,14,7,18,15,2,3,12,6,9,4,18,18
149,7,15,12,14,13,17,1,11,9,16,8,17,5,2,4,17,6,10,3,17,17
150,7,11,6,14,15,17,1,12,5,16,13,17,8,4,3,17,10,9,1,17,17
151,6,15,6,13,16,18,1,13,6,17,11,18,4,3,5,10,12,9,1,18,18
152,7,11,6,12,16,18,1,14,8,17,13,18,4,4,3,15,10,9,1,18,18
153,5,10,5,13,16,18,1,15,14,17,11,18,8,4,1,8,12,5,1,18,18
154,5,10,5,13,16,18,1,14,15,17,11,18,9,4,1,8,12,5,1,18,18
155,5,10,5,14,16,18,1,15,11,17,12,18,5,4,1,9,13,5,1,18,18
156,3,7,6,11,17,18,1,12,10,15,13,18,9,8,1,16,14,5,4,18,18
157,3,4,4,12,17,18,1,10,9,15,13,18,11,8,1,16,14,7,6,18,18
158,1,6,6,11,16,17,1,12,10,15,13,17,9,5,1,17,14,8,1,17,17
159,3,6,6,11,16,17,1,12,10,15,13,17,8,9,1,17,14,5,4,17,17
160,3,7,4,13,17,18,1,14,12,16,10,18,9,8,2,15,11,6,5,18,18
161,2,6,5,12,17,18,3,11,10,16,13,18,9,4,1,15,14,8,7,18,18
162,9,8,3,15,16,18,1,12,11,17,13,18,4,6,5,10,14,7,2,18,18
163,7,9,3,15,16,18,1,11,12,17,13,18,8,5,4,10,14,6,2,18,18
164,7,6,3,13,17,18,1,12,5,16,15,18,4,8,11,10,14,9,2,18,18
165,7,13,4,11,14,18,1,15,12,16,10,18,8,5,3,9,6,17,2,18,18
166,5,16,8,15,11,18,1,13,17,14,9,18,7,4,3,10,6,12,2,18,18
167,5,14,11,13,16,17,3,10,7,15,12,17,8,1,3,17,6,9,2,17,17
168,5,10,6,13,16,17,1,14,8,15,11,17,7,1,1,17,11,9,1,17,17
169,5,10,6,13,16,17,1,14,8,15,11,17,6,1,1,17,11,9,1,17,17
170,6,10,7,13,16,17,1,14,8,15,11,17,1,1,1,17,11,9,1,17,17
171,1,10,6,13,15,18,1,16,7,17,12,18,8,1,1,10,14,9,5,18,18
172,1,10,6,13,15,18,1,16,7,17,12,18,8,1,1,10,14,9,5,18,18
173,1,10,6,13,15,18,1,16,7,17,12,18,8,1,1,10,14,9,5,18,18
174,1,17,1,12,15,18,1,8,16,11,13,18,14,1,1,9,7,10,1,18,18
175,1,10,1,18,17,11,1,1,11,11,15,18,1,1,14,1,15,1,1,18,18
176,3,16,1,14,15,18,3,11,7,12,17,18,13,3,6,10,8,9,1,18,18
177,8,9,2,16,17,18,6,15,11,10,13,18,4,5,7,12,14,3,1,18,18
178,7,11,3,14,17,18,4,15,10,9,12,18,5,6,8,16,13,1,1,18,18
179,9,4,2,15,17,18,1,14,10,12,11,18,6,5,7,16,13,2,8,18,18
180,5,11,6,12,17,18,2,13,9,15,8,18,16,2,1,14,10,7,4,18,18
181,5,8,6,12,17,18,1,13,11,15,9,18,16,3,1,14,10,7,4,18,18
182,4,9,7,13,17,18,1,14,8,15,12,18,6,3,1,16,11,10,5,18,18
183,5,17,6,16,14,18,8,15,12,13,4,18,9,3,1,11,10,7,2,18,18
184,5,17,10,15,13,18,1,14,16,8,6,18,12,4,2,11,7,9,3,18,18
185,1,17,6,16,14,18,1,15,3,13,10,18,8,5,4,12,9,11,7,18,18
186,4,12,6,14,15,17,1,13,9,16,10,17,7,2,5,17,11,8,3,17,17
187,4,14,6,13,15,17,1,12,10,16,9,17,8,2,5,17,11,7,3,17,17
188,4,11,5,14,16,18,1,12,3,17,14,18,10,6,7,13,8,9,1,18,18
189,6,17,7,18,14,19,1,13,15,9,3,16,11,5,4,10,7,12,2,19,19
190,5,17,5,18,13,19,16,12,15,9,2,14,10,4,3,8,5,11,1,19,19
191,1,14,1,15,16,18,1,13,1,17,8,18,12,1,11,9,1,10,1,18,18
192,13,1,1,16,17,18,1,12,7,14,15,18,7,1,10,9,11,6,1,18,18
193,10,5,1,15,16,17,4,14,6,11,12,17,7,1,9,17,13,8,1,17,17
194,1,13,1,9,16,18,1,10,7,17,15,18,8,1,1,11,14,12,1,18,18
195,1,10,1,18,13,14,1,10,1,14,14,18,1,1,1,10,14,1,1,18,18
196,1,1,1,1,15,16,1,1,1,16,16,19,1,1,1,1,14,1,1,19,19
197,3,10,6,14,15,17,1,11,8,16,12,17,4,7,5,17,13,9,2,17,17
198,4,9,8,14,16,18,1,15,10,17,13,18,5,6,2,11,12,7,3,18,18
199,1,7,4,14,17,18,1,15,5,16,12,18,13,8,6,10,11,9,1,18,18
200,1,12,9,14,15,17,1,13,17,16,6,17,11,1,1,10,6,8,1,17,17
201,7,14,6,11,16,18,4,13,8,17,10,18,9,5,2,15,12,3,1,18,18
202,11,9,4,12,15,18,3,17,8,16,13,18,6,10,1,7,14,5,2,18,18
203,7,13,9,11,16,18,1,14,6,17,10,18,8,5,3,15,12,4,2,18,18
204,6,14,5,15,16,18,2,13,9,17,12,18,10,4,3,11,7,8,1,18,18
205,3,9,5,15,16,17,1,14,10,13,11,17,8,6,4,17,12,7,2,17,17
206,10,11,3,17,16,18,1,13,8,14,15,18,4,6,5,12,7,9,1,18,18
207,7,12,7,15,17,12,7,14,1,18,16,19,1,1,7,7,1,1,1,19,19
208,1,12,1,15,17,12,1,14,8,18,16,19,8,1,1,11,8,1,1,19,19
209,1,11,1,15,17,13,1,14,8,18,16,19,8,1,1,12,8,1,1,19,19
210,4,7,5,12,17,18,2,14,10,16,13,18,9,6,1,15,11,8,3,18,18
211,4,8,6,14,17,18,2,13,10,16,12,18,9,5,1,15,11,7,3,18,18
212,5,9,6,14,17,18,1,15,10,11,13,18,7,4,1,16,12,8,1,18,18
213,4,14,6,12,17,18,1,11,15,16,10,18,9,5,3,8,13,6,2,18,18
214,3,14,6,11,17,18,4,13,16,15,8,18,10,5,2,9,12,6,1,18,18
215,5,14,9,1,17,18,10,15,1,16,1,18,7,8,10,13,1,10,6,18,18
216,1,13,1,1,17,18,1,1,1,16,15,18,1,1,1,1,14,1,1,18,18
217,1,13,1,1,17,18,13,1,1,16,15,18,1,1,1,1,1,1,1,18,18
218,1,1,1,1,16,18,1,1,1,17,15,18,1,1,1,1,1,1,1,18,18
219,1,1,1,1,17,1,1,14,15,18,1,19,16,1,1,1,1,1,1,19,19
220,9,1,1,17,16,18,10,1,1,15,14,18,1,1,10,12,13,8,1,18,18
221,1,1,1,1,15,16,1,1,1,16,16,19,1,1,1,1,14,1,1,19,19
222,1,10,5,9,17,18,6,11,8,13,14,18,12,1,3,16,15,7,3,18,18
223,1,9,4,10,17,18,6,11,8,15,13,18,12,1,6,16,14,4,3,18,18
224,6,7,3,15,17,18,3,14,9,11,12,18,10,1,1,16,13,7,5,18,18
225,1,11,1,11,18,11,1,11,1,17,9,19,1,1,1,11,9,11,1,19,19
226,4,8,5,11,9,18,1,15,14,17,11,18,10,1,3,16,11,6,7,18,18
227,1,13,8,12,14,18,1,6,8,17,15,18,11,1,1,6,15,10,1,18,18
228,1,11,7,10,13,16,1,6,9,17,15,18,12,1,1,18,14,7,1,18,18
229,6,7,7,11,17,18,1,12,10,16,14,18,4,3,2,13,15,7,4,18,18
230,9,8,1,14,16,18,1,1,1,17,12,18,15,9,1,7,12,1,11,18,18
231,5,10,7,13,17,18,3,16,9,15,11,18,8,4,2,14,12,6,1,18,18
232,4,12,8,13,17,18,1,15,11,16,10,18,5,7,2,14,9,6,3,18,18
233,4,9,8,13,17,18,6,16,10,14,11,18,2,5,7,15,12,3,1,18,18
234,9,11,6,14,15,17,1,13,5,16,10,17,12,7,3,17,4,8,2,17,17
235,10,8,4,14,15,17,1,13,9,16,12,17,11,7,3,17,5,6,2,17,17
236,8,11,5,14,15,17,1,10,4,16,12,17,13,7,3,17,6,9,1,17,17
237,4,9,6,15,14,17,1,16,10,13,12,17,8,5,3,17,11,7,2,17,17
238,8,9,4,13,14,17,1,15,12,16,10,17,6,5,3,17,11,7,2,17,17
239,6,7,4,15,17,18,1,12,8,16,14,18,10,1,5,13,11,9,3,18,18
240,6,10,1,15,17,18,3,16,11,13,12,18,8,5,7,14,9,4,2,18,18
241,7,9,5,14,16,17,1,15,12,13,10,17,8,6,4,17,11,3,2,17,17
242,2,10,3,15,16,17,8,14,9,11,13,17,4,6,7,17,12,5,1,17,17
243,7,16,6,10,15,17,1,11,13,14,8,17,5,4,3,17,9,12,2,17,17
244,5,16,6,9,13,17,2,11,15,14,7,17,8,4,3,17,10,12,1,17,17
245,10,17,13,9,15,18,3,7,6,16,8,18,2,5,4,14,10,12,1,18,18
246,6,9,5,16,17,18,3,15,10,14,13,18,8,4,2,12,11,7,1,18,18
247,7,9,6,15,17,18,2,16,11,14,10,18,4,5,3,13,12,8,1,18,18
248,4,9,8,15,17,18,1,12,10,16,13,18,6,2,5,14,11,7,3,18,18
249,1,1,1,1,1,1,1,1,1,1,1,1,1,1,1,1,1,1,1,1,1
250,1,1,1,1,1,1,1,1,1,1,1,1,1,1,1,1,1,1,1,1,1
251,1,11,7,13,17,18,1,16,9,8,14,18,6,1,1,11,14,10,1,18,18
252,1,10,8,13,17,18,7,12,4,15,16,18,5,3,6,11,14,9,2,18,18
253,4,8,5,11,17,18,3,12,9,16,14,18,10,7,2,13,15,6,1,18,18
254,1,7,1,14,17,18,5,13,8,16,10,18,15,1,6,12,9,11,4,18,18
255,4,7,6,15,16,18,3,13,10,17,12,18,9,1,5,14,11,8,1,18,18
256,5,8,6,16,17,18,1,12,10,15,14,18,9,2,4,13,11,7,3,18,18
257,1,8,5,14,17,18,1,11,10,16,13,18,7,1,6,15,12,8,1,18,18
258,4,12,6,9,16,18,1,10,11,17,15,18,13,5,3,8,14,7,2,18,18
259,3,17,12,8,13,18,1,16,4,15,4,18,10,1,4,9,7,14,10,18,18
260,2,7,4,15,16,18,11,9,12,17,14,18,2,4,10,8,13,6,1,18,18
261,5,15,8,13,17,18,3,16,9,14,7,18,10,4,1,12,6,11,2,18,18
262,7,17,8,12,16,18,3,15,13,14,6,18,11,4,1,9,5,10,2,18,18
263,7,13,8,14,16,18,1,17,4,15,10,18,6,5,3,9,11,12,2,18,18
264,5,15,6,14,16,18,2,9,13,17,10,18,8,1,3,11,12,7,4,18,18
265,5,17,6,12,13,18,1,10,16,15,9,18,14,2,4,8,11,7,3,18,18
266,4,15,6,16,14,18,1,11,8,17,12,18,10,1,5,13,7,9,1,18,18
267,6,14,9,12,15,17,1,13,8,16,5,17,10,1,1,17,7,11,1,17,17
268,6,14,8,9,15,17,1,13,11,16,4,17,12,3,5,17,7,10,1,17,17
269,4,11,7,13,15,17,1,14,5,16,12,17,10,3,9,17,6,8,1,17,17
270,6,16,1,14,17,18,13,12,1,9,14,18,1,1,11,6,6,9,1,18,18
271,1,1,1,1,17,15,1,1,1,18,13,19,1,1,11,16,13,12,1,19,19
272,6,17,1,13,16,18,11,10,1,9,13,18,1,1,12,15,6,6,1,18,18
273,1,16,5,15,17,18,4,14,11,7,10,18,13,6,3,9,12,8,2,18,18
274,1,17,8,14,16,18,4,12,13,6,10,18,15,5,3,9,11,7,2,18,18
275,1,13,7,16,17,18,2,15,10,8,11,18,9,5,2,12,14,6,2,18,18
276,4,17,6,13,15,18,1,12,10,13,9,18,16,3,5,11,7,8,1,18,18
277,7,9,4,13,16,18,1,15,11,17,10,18,6,5,1,14,12,8,1,18,18
278,4,17,6,15,16,18,1,14,7,13,9,18,10,3,5,12,8,11,1,18,18
279,4,8,5,13,17,18,6,15,10,16,12,18,9,1,6,14,11,1,1,18,18
280,5,6,3,13,17,18,8,14,10,16,11,18,9,4,7,15,11,1,1,18,18
281,7,9,6,10,17,18,1,15,10,16,12,18,8,1,1,14,12,1,1,18,18
282,6,17,8,13,15,18,1,12,11,16,5,18,14,1,4,10,7,9,3,18,18
283,6,17,8,11,13,18,1,12,15,14,5,18,16,1,4,9,7,10,3,18,18
284,6,15,8,13,16,18,1,14,5,17,7,18,11,1,4,12,9,10,3,18,18
285,5,14,7,12,13,18,1,16,11,17,6,18,9,4,2,15,8,10,3,18,18
286,14,1,1,10,17,18,1,13,1,16,15,18,1,1,1,10,10,1,1,18,18
287,5,13,8,15,14,18,2,16,9,17,6,18,10,3,1,12,7,11,3,18,18
288,6,17,5,9,15,18,1,10,11,16,13,18,12,1,1,8,13,7,1,18,18
289,7,16,5,9,13,18,1,10,17,14,11,18,15,1,1,8,11,6,1,18,18
290,6,17,5,10,15,18,1,14,8,16,10,18,13,1,1,9,10,7,1,18,18
291,5,10,6,12,11,17,1,13,8,16,15,17,9,4,2,17,14,7,2,17,17
292,5,7,1,16,18,15,1,7,10,17,13,19,1,6,12,7,14,11,1,19,19
293,5,9,6,12,11,17,3,13,8,16,15,17,10,4,1,17,14,7,1,17,17
294,1,10,1,14,17,18,8,16,9,13,10,18,1,1,7,14,10,1,1,18,18
295,1,5,1,16,17,18,5,12,10,15,13,18,7,7,1,11,13,7,1,18,18
296,1,1,1,12,17,18,1,14,10,9,11,18,15,1,1,16,12,8,7,18,18
297,1,12,8,13,17,18,1,9,4,16,14,18,6,5,1,10,14,11,7,18,18
298,1,12,8,13,17,18,1,7,10,16,14,18,6,4,1,9,14,11,5,18,18
299,1,12,8,13,17,18,1,10,1,16,14,18,6,5,1,9,14,11,7,18,18
300,4,9,7,14,16,17,2,13,10,15,11,17,6,3,5,17,12,8,1,17,17
301,5,9,7,13,15,17,2,12,14,16,11,17,6,4,3,17,10,8,1,17,17
302,7,9,4,15,17,18,1,16,10,14,12,18,8,3,5,13,11,6,2,18,18
303,2,11,7,14,17,18,10,15,12,16,9,18,6,4,3,13,8,5,1,18,18
304,4,10,7,11,17,18,2,14,16,15,9,18,12,6,3,13,8,5,1,18,18
305,1,13,8,12,17,18,3,14,6,16,11,18,10,1,4,15,9,7,4,18,18
306,5,10,3,17,18,14,6,9,11,12,15,19,8,2,7,13,16,3,1,19,19
307,4,8,3,15,17,18,9,5,11,12,13,18,6,7,9,16,13,2,1,18,18
308,1,6,7,12,17,18,5,9,10,13,14,18,1,1,11,16,14,7,1,18,18
309,12,5,9,13,18,16,1,5,7,15,17,19,8,11,1,4,14,10,1,19,19
310,1,1,1,1,1,1,1,1,1,1,1,1,1,1,1,1,1,1,1,1,1
311,7,15,12,10,16,18,1,13,5,17,5,18,14,1,4,11,9,7,3,18,18
312,2,9,5,13,14,17,4,15,10,16,11,17,8,1,6,17,12,7,3,17,17
313,7,9,6,12,14,18,2,16,13,17,10,18,4,1,5,15,11,8,3,18,18
314,1,9,6,13,16,17,5,14,10,15,12,17,2,4,8,17,11,7,3,17,17
315,2,17,6,10,12,18,3,11,14,15,7,18,16,3,5,8,9,13,1,18,18
316,1,17,7,10,12,18,4,9,15,14,6,18,16,2,5,11,8,13,3,18,18
317,1,16,7,11,15,18,1,12,9,17,6,18,13,4,5,10,8,14,1,18,18
318,5,14,7,12,13,18,4,16,11,17,6,18,9,3,1,15,8,10,2,18,18
319,14,1,1,10,17,18,1,13,1,16,15,18,1,1,1,10,10,1,1,18,18
320,5,12,7,14,15,18,2,16,9,17,8,18,10,2,4,13,11,6,1,18,18
321,1,1,1,1,18,14,1,1,1,14,14,19,1,1,13,1,14,1,1,19,19
322,3,6,6,12,17,18,1,13,11,16,14,18,9,1,4,10,15,6,5,18,18
323,2,6,6,11,17,18,3,12,10,16,13,18,9,5,1,15,14,6,4,18,18
324,4,15,9,11,16,17,1,14,7,12,6,17,13,1,1,17,10,8,4,17,17
325,8,10,1,16,15,17,1,14,9,13,11,17,1,1,1,17,12,1,1,17,17
326,1,17,4,9,16,18,1,15,5,13,12,18,11,1,5,14,8,10,5,18,18
327,4,17,9,8,14,18,1,13,12,16,6,18,7,5,3,15,10,11,2,18,18
328,8,2,2,13,15,14,2,10,12,17,16,19,9,7,1,11,18,6,5,19,19
329,4,16,6,13,15,18,1,12,10,17,8,18,9,2,5,11,7,14,3,18,18
330,4,10,5,13,16,18,2,14,6,17,15,18,8,2,7,9,11,11,1,18,18
331,3,14,5,11,16,18,2,13,8,17,15,18,6,4,7,9,12,10,1,18,18
332,1,9,8,11,16,18,5,14,3,17,15,18,6,1,7,12,13,10,3,18,18
333,3,9,7,14,17,18,2,16,10,11,12,18,8,4,5,15,13,6,1,18,18
334,7,9,5,16,17,18,2,15,10,12,11,18,6,4,3,14,13,8,1,18,18
335,3,10,8,14,17,18,3,16,3,15,12,18,9,1,3,11,12,2,7,18,18
336,1,14,1,19,14,16,1,1,1,16,1,1,1,1,1,1,16,1,1,19,19
337,1,14,1,19,14,16,1,1,1,16,1,1,1,1,1,1,16,1,1,19,19
338,1,14,1,19,14,16,1,1,1,16,1,1,1,1,1,1,16,1,1,19,19
339,6,14,12,9,16,18,1,15,1,17,8,18,7,1,1,10,10,12,1,18,18
340,7,13,8,14,17,18,1,15,1,16,9,18,1,1,1,12,10,11,1,18,18
341,7,7,9,13,17,18,1,14,1,16,11,18,1,1,1,15,12,9,1,18,18
342,3,17,6,7,13,18,1,14,15,12,8,18,16,1,4,8,8,11,5,18,18
343,4,17,5,9,11,18,2,13,16,10,7,18,15,1,2,12,8,14,6,18,18
344,4,17,6,8,15,18,2,12,7,16,9,18,13,1,2,11,10,14,5,18,18
345,5,11,5,12,17,16,1,9,10,18,13,19,14,4,3,5,15,5,2,19,19
346,8,11,3,13,16,18,9,12,6,17,14,18,2,5,6,10,15,3,1,18,18
347,4,8,6,12,16,18,1,11,9,17,14,18,13,2,5,10,15,6,2,18,18
348,1,8,6,9,17,18,3,13,10,14,15,18,10,3,3,12,15,6,1,18,18
349,4,8,4,11,17,18,1,12,10,13,14,18,4,1,8,16,14,4,1,18,18
350,1,9,1,13,17,18,1,11,10,12,14,18,8,1,1,16,14,1,1,18,18
351,5,8,9,16,17,18,1,11,12,13,14,18,6,3,4,10,15,7,2,18,18
352,5,9,7,16,17,18,1,11,12,13,14,18,6,3,4,10,15,8,2,18,18
353,5,9,4,13,17,18,1,15,10,14,11,18,7,1,6,16,12,8,3,18,18
354,8,11,10,5,16,18,4,13,5,17,1,18,15,7,1,12,8,14,1,18,18
355,6,9,8,11,16,18,4,12,5,17,1,18,15,10,1,13,6,14,1,18,18
356,7,10,9,6,16,18,1,13,1,17,1,18,15,11,1,12,7,14,1,18,18
357,1,17,4,9,16,18,4,14,6,15,9,18,8,1,1,13,9,12,6,18,18
358,1,17,5,8,16,18,1,13,6,15,8,18,14,1,1,12,8,11,6,18,18
359,1,17,5,8,16,18,1,13,6,15,8,18,14,1,1,12,8,11,6,18,18
360,4,9,5,14,17,18,7,16,10,15,12,18,1,8,3,11,13,6,1,18,18
361,7,10,2,13,17,18,5,14,9,15,12,18,8,3,1,16,11,4,6,18,18
362,1,10,1,14,17,18,1,16,9,11,11,18,4,7,8,15,11,5,5,18,18
363,5,15,8,13,16,18,1,7,11,17,9,18,12,1,1,14,6,10,1,18,18
364,5,16,7,12,14,18,2,8,6,17,11,18,15,1,4,10,9,13,2,18,18
365,1,12,1,1,18,12,1,1,1,17,10,19,12,1,12,16,10,1,1,19,19
366,1,13,8,5,17,18,5,14,5,16,11,18,1,4,10,15,11,8,3,18,18
367,1,11,12,9,17,18,1,16,1,14,1,18,8,13,1,15,1,10,1,18,18
368,1,1,1,13,17,18,1,14,1,16,1,18,1,1,1,15,1,1,1,18,18
369,10,1,1,11,17,18,1,12,1,14,14,18,1,1,1,13,16,1,1,18,18
370,3,8,5,10,17,18,1,11,7,12,13,18,15,1,6,16,13,8,3,18,18
371,1,10,6,9,17,18,1,12,8,15,13,18,11,1,1,16,14,7,5,18,18
372,8,11,3,15,16,17,2,14,9,10,13,17,5,7,6,17,12,4,1,17,17
373,8,10,2,15,17,18,3,16,11,9,12,18,6,7,5,13,14,4,1,18,18
374,6,12,3,15,17,18,1,16,5,13,11,18,8,7,9,10,14,4,2,18,18
375,1,1,8,15,18,3,11,17,11,16,13,19,3,3,3,10,13,8,3,19,19
376,4,11,3,16,17,18,4,15,12,8,13,18,7,4,8,10,13,2,1,18,18
377,1,8,1,15,18,13,1,9,11,13,16,19,9,1,1,11,16,1,1,19,19
378,5,10,1,14,16,18,10,5,5,17,15,18,5,1,1,10,13,5,1,18,18
379,5,5,1,15,16,18,5,10,5,17,14,18,5,1,1,13,12,10,1,18,18
380,6,6,1,15,16,18,1,6,6,17,14,18,6,1,1,12,13,6,1,18,18
381,3,15,10,12,17,18,2,16,11,6,6,18,14,4,1,13,6,9,5,18,18
382,1,15,8,12,16,18,3,17,13,4,4,18,14,1,7,10,4,11,9,18,18
383,3,16,7,3,17,18,2,15,6,9,9,18,14,3,1,12,9,13,8,18,18
384,9,11,8,15,18,10,1,16,3,17,14,19,3,3,7,13,12,3,1,19,19
385,5,10,3,16,18,11,1,17,7,15,14,19,7,7,2,13,12,6,3,19,19
386,9,10,7,15,16,11,1,14,3,17,13,18,3,3,8,18,12,3,2,18,18
387,1,5,7,13,17,18,3,16,10,11,14,18,9,2,3,15,12,8,6,18,18
388,1,8,5,12,17,18,2,16,10,14,11,18,7,9,4,15,13,6,3,18,18
389,3,7,6,14,17,18,5,15,10,11,12,18,2,9,1,16,13,8,4,18,18
390,5,10,6,13,17,18,1,15,12,16,11,18,8,4,2,14,9,7,3,18,18
391,7,9,5,14,16,18,1,15,12,17,10,18,6,4,2,13,11,8,3,18,18
392,6,12,8,14,15,17,2,13,9,16,10,17,5,3,4,17,7,11,1,17,17
393,8,11,8,11,18,11,1,11,1,16,17,19,1,1,8,1,15,1,1,19,19
394,1,8,7,15,17,18,4,16,10,13,11,18,5,9,6,14,12,3,2,18,18
395,5,8,7,13,16,17,1,15,10,14,11,17,1,6,9,17,12,1,1,17,17
396,6,17,9,12,13,18,4,14,10,16,7,18,15,5,3,11,1,8,1,18,18
397,8,18,9,13,11,7,4,14,17,16,6,19,15,5,2,12,3,10,1,19,19
398,8,17,6,10,16,13,1,9,4,18,11,19,12,7,5,15,3,14,1,19,19
399,1,10,7,13,18,16,1,12,8,17,14,19,6,1,1,9,14,11,1,19,19
400,1,15,11,9,17,18,1,14,1,16,1,18,12,1,10,13,1,1,1,18,18
401,1,1,1,1,17,14,1,1,1,18,14,19,1,1,1,1,14,1,1,19,19
402,6,14,5,13,15,18,2,16,12,17,7,18,9,1,3,10,8,11,4,18,18
403,7,15,5,16,14,18,1,10,11,17,9,18,6,4,2,13,8,12,3,18,18
404,1,15,8,11,16,18,3,14,7,17,9,18,6,3,5,10,12,13,2,18,18
405,1,1,5,13,17,18,1,14,8,12,15,18,10,9,1,16,11,5,5,18,18
406,1,8,2,16,17,18,5,11,10,13,14,18,4,9,7,12,14,6,3,18,18
407,4,11,6,13,17,18,1,15,10,16,12,18,5,3,8,14,9,7,2,18,18
408,6,18,10,12,15,8,1,13,11,17,7,19,16,5,3,9,4,14,1,19,19
409,7,18,9,13,11,8,4,12,16,17,6,19,15,5,2,10,3,14,1,19,19
410,7,17,10,11,14,18,1,15,5,16,8,18,12,6,4,13,1,9,1,18,18
411,6,10,7,14,17,18,2,16,8,15,12,18,4,2,5,13,11,9,1,18,18
412,5,9,2,16,14,18,7,17,15,13,11,18,10,6,4,8,12,3,1,18,18
413,5,11,3,17,16,18,1,14,7,15,13,18,6,4,9,10,12,8,1,18,18
414,5,9,4,15,17,18,3,16,10,13,11,18,8,7,2,14,12,6,1,18,18
415,6,8,5,16,17,18,4,15,10,14,11,18,9,7,3,13,12,2,1,18,18
416,2,11,6,14,17,18,8,16,10,15,12,18,7,5,3,13,9,4,1,18,18
417,5,14,11,15,16,18,1,10,7,17,13,18,8,6,4,12,1,9,1,18,18
418,6,13,7,15,16,18,3,11,9,17,14,18,8,4,5,12,2,10,1,18,18
419,9,14,1,11,15,17,1,13,1,16,12,17,1,1,1,17,10,1,1,17,17
420,1,8,1,15,17,18,8,11,11,16,11,18,1,8,1,1,11,1,1,18,18
421,1,1,1,1,17,13,1,1,1,18,13,19,1,1,13,1,13,1,1,19,19
422,1,13,1,17,16,18,1,15,11,12,9,18,13,1,1,1,9,1,1,18,18
423,7,9,2,16,14,17,13,12,10,15,11,17,6,3,4,17,8,5,1,17,17
424,4,17,7,10,15,18,2,14,9,16,8,18,11,3,5,13,6,12,1,18,18
425,7,14,8,17,15,18,1,12,9,16,13,18,6,4,3,10,5,11,2,18,18
426,10,9,5,16,17,18,1,8,11,15,14,18,4,7,1,12,13,6,3,18,18
427,8,9,3,15,17,18,1,14,13,16,11,18,5,7,2,10,12,6,4,18,18
428,3,11,8,16,15,17,1,6,10,12,13,17,4,9,5,17,14,7,1,17,17
429,6,11,4,13,17,18,2,16,10,9,12,18,8,5,7,15,14,3,1,18,18
430,1,10,2,15,17,18,8,11,9,13,12,18,5,4,6,16,14,7,3,18,18
431,1,10,1,16,17,18,1,11,8,12,13,18,1,1,1,14,15,8,1,18,18
432,7,10,1,12,17,18,9,11,8,16,15,18,5,1,3,13,14,5,3,18,18
433,1,9,6,10,17,18,3,11,5,14,13,18,12,8,2,16,15,6,4,18,18
434,1,5,5,10,17,18,1,11,1,16,13,18,12,5,1,15,14,5,5,18,18
435,7,10,3,16,15,17,1,13,4,14,12,17,8,9,5,17,11,6,2,17,17
436,7,10,3,16,15,17,1,13,4,14,12,17,7,9,4,17,11,6,2,17,17
437,7,7,1,7,17,7,1,7,1,18,16,19,1,6,7,7,7,7,1,19,19
438,3,5,4,14,17,18,1,15,12,11,13,18,9,8,1,16,10,7,6,18,18
439,3,5,5,10,17,18,1,11,9,14,12,18,15,8,1,16,13,7,4,18,18
440,1,6,6,10,15,17,1,11,9,16,13,17,12,1,1,17,13,8,5,17,17
441,5,9,7,13,17,18,1,14,12,16,10,18,6,3,2,15,11,8,4,18,18
442,6,10,7,15,17,18,2,13,14,16,11,18,5,4,3,12,9,8,1,18,18
443,1,13,12,16,15,18,1,14,7,17,9,18,8,1,4,6,9,11,4,18,18
444,1,7,1,8,17,18,1,12,8,16,13,18,10,1,15,1,13,11,1,18,18
445,1,11,1,13,17,18,1,10,8,16,15,18,7,1,5,9,14,12,6,18,18
446,1,1,1,1,18,13,1,1,1,17,13,19,1,1,13,1,13,12,1,19,19
447,7,14,5,13,15,18,1,17,9,16,12,18,6,4,2,11,10,8,3,18,18
448,7,17,5,15,14,18,4,13,11,16,12,18,10,3,2,9,8,6,1,18,18
449,9,8,6,15,16,18,1,14,10,17,11,18,3,5,4,12,13,7,1,18,18
450,3,12,7,14,16,17,1,15,6,13,4,17,10,4,9,17,11,8,1,17,17
451,5,17,7,13,16,18,3,14,12,11,9,18,15,6,4,1,10,7,2,18,18
452,5,16,8,12,17,18,1,15,7,14,6,18,9,2,3,13,10,10,4,18,18
453,10,8,1,16,17,18,6,12,9,11,13,18,4,7,5,14,15,2,3,18,18
454,4,6,3,16,17,18,9,14,11,10,12,18,5,8,7,15,13,2,1,18,18
455,2,8,4,16,17,18,6,15,7,11,14,18,12,3,9,10,13,5,1,18,18
456,2,11,5,10,13,17,16,14,12,15,7,17,8,4,1,17,8,6,2,17,17
457,5,11,7,10,13,17,1,14,16,15,8,17,12,4,2,17,9,6,3,17,17
458,3,9,6,13,14,17,1,14,11,16,10,17,8,3,2,17,12,6,3,17,17
459,5,8,6,14,17,18,2,13,12,16,10,18,9,4,3,15,11,7,1,18,18
460,6,8,5,15,17,18,1,13,9,16,12,18,14,4,2,11,10,7,3,18,18
461,3,9,7,13,16,17,2,14,10,15,11,17,6,1,4,17,12,8,5,17,17
462,1,8,6,10,17,18,1,12,9,15,14,18,11,1,1,16,13,7,5,18,18
463,1,8,5,10,17,18,1,14,6,15,12,18,16,9,1,11,12,7,4,18,18
464,1,8,6,12,17,18,1,11,10,16,13,18,9,1,1,15,14,7,1,18,18
465,8,11,1,13,17,18,1,1,1,13,13,18,1,1,11,13,8,8,1,18,18
466,8,11,1,13,17,18,1,1,1,13,13,18,1,1,11,13,8,8,1,18,18
467,8,11,1,13,17,18,1,1,1,13,13,18,1,1,11,13,8,8,1,18,18
468,5,12,4,14,17,18,13,15,10,16,7,18,11,3,1,8,9,6,2,18,18
469,5,14,6,10,15,17,1,12,13,16,7,17,11,4,2,17,8,9,3,17,17
470,6,11,7,14,16,17,1,13,5,15,12,17,8,4,3,17,10,9,2,17,17
471,9,7,2,12,17,18,3,13,10,16,15,18,5,8,4,11,14,6,1,18,18
472,8,6,1,11,17,18,4,13,10,16,15,18,9,7,3,12,14,5,2,18,18
473,7,5,3,12,17,18,1,13,9,16,15,18,8,10,6,11,14,3,2,18,18
474,4,6,6,13,17,18,2,15,8,16,11,18,10,4,2,14,12,9,1,18,18
475,5,8,2,15,17,18,2,16,10,13,10,18,14,7,2,9,10,5,1,18,18
476,3,12,9,13,17,18,1,14,5,16,5,18,11,5,1,15,5,9,4,18,18
477,8,9,5,14,17,18,3,16,10,13,11,18,6,4,1,15,12,7,2,18,18
478,8,9,4,16,17,18,1,15,10,11,13,18,7,5,3,12,14,6,2,18,18
479,4,11,7,12,17,18,9,15,6,14,13,18,2,3,8,16,10,5,1,18,18
480,2,8,6,13,17,18,3,14,10,16,11,18,5,9,1,15,12,7,4,18,18
481,3,6,7,13,17,18,2,15,10,14,11,18,8,9,1,16,12,5,4,18,18
482,14,11,6,16,17,18,1,12,2,13,15,18,8,7,5,9,4,10,3,18,18
483,2,9,6,11,17,18,1,16,10,14,12,18,3,8,7,15,13,4,5,18,18
484,2,9,4,13,17,18,3,15,10,16,11,18,6,8,7,14,12,5,1,18,18
485,4,9,1,15,17,18,8,14,10,16,13,18,3,7,6,12,11,1,5,18,18
486,4,9,5,16,17,18,3,15,10,13,11,18,7,8,1,14,12,6,2,18,18
487,7,8,5,15,17,18,2,16,10,13,11,18,9,4,3,14,12,6,1,18,18
488,7,9,5,14,17,18,1,13,10,15,12,18,8,6,3,16,11,4,2,18,18
489,9,12,6,16,17,18,4,14,1,15,8,18,7,1,5,13,11,10,1,18,18
490,9,10,7,17,16,18,6,14,2,15,13,18,5,2,4,8,11,12,1,18,18
491,5,15,9,12,17,18,1,13,6,16,10,18,7,4,3,14,11,8,1,18,18
492,1,1,1,12,17,16,1,10,9,18,12,19,15,11,1,8,12,1,1,19,19
493,4,4,1,11,17,16,4,10,9,18,11,19,15,14,4,8,11,1,1,19,19
494,5,5,1,11,17,16,1,11,10,18,11,19,15,9,5,8,11,1,1,19,19
495,7,10,3,17,13,18,1,15,11,16,12,18,5,6,4,14,9,8,2,18,18
496,8,9,5,17,15,18,1,11,13,16,14,18,3,6,4,12,10,7,2,18,18
497,10,9,5,14,17,18,1,8,11,16,15,18,4,6,3,13,12,7,1,18,18
498,4,16,5,12,13,17,1,11,10,15,9,17,14,7,3,17,6,8,2,17,17
499,4,16,5,11,12,17,1,10,15,14,8,17,9,6,3,17,7,13,2,17,17
500,3,16,6,13,15,18,1,14,8,17,10,18,9,1,4,12,11,7,4,18,18
501,1,17,6,12,13,18,1,14,16,11,9,18,15,5,4,8,9,7,1,18,18
502,1,17,7,12,13,18,1,14,16,11,9,18,15,5,4,8,9,6,1,18,18
503,1,17,6,8,16,18,1,14,11,13,9,18,15,5,1,12,9,6,1,18,18
504,1,1,1,15,17,18,1,14,1,16,12,18,1,1,1,1,12,1,1,18,18
505,1,1,1,1,18,12,1,1,1,17,12,19,1,1,1,12,12,12,1,19,19
506,1,1,1,1,18,12,1,1,1,17,12,19,1,1,1,12,12,12,1,19,19
507,12,6,4,9,16,18,1,15,5,17,11,18,8,12,3,14,10,7,2,18,18
508,6,8,5,11,17,18,1,16,10,15,14,18,9,3,4,12,13,6,1,18,18
509,14,10,3,13,17,18,1,15,6,16,12,18,3,7,9,8,11,5,1,18,18
510,8,10,3,16,17,18,9,7,6,13,15,18,11,12,14,5,2,4,1,18,18
511,11,5,2,16,17,18,6,14,10,12,15,18,7,9,13,4,3,8,1,18,18
512,13,10,5,16,17,18,1,7,8,12,15,18,3,9,14,6,4,11,1,18,18
513,5,6,8,12,17,18,1,16,10,11,13,18,3,2,7,15,13,9,3,18,18
514,1,10,7,11,17,18,3,16,9,14,12,18,6,4,8,15,12,5,2,18,18
515,1,9,3,11,17,18,3,16,8,14,12,18,7,1,10,15,13,3,3,18,18
516,6,9,4,12,16,18,1,14,8,17,11,18,15,5,2,10,13,7,3,18,18
517,6,8,3,12,16,18,1,14,10,17,11,18,15,5,4,9,13,7,2,18,18
518,6,13,8,10,16,18,1,11,7,17,12,18,5,4,3,9,14,15,2,18,18
519,11,12,7,16,15,18,1,14,3,17,13,18,6,4,8,10,5,9,1,18,18
520,13,11,7,16,17,18,2,15,5,12,14,18,9,4,2,7,6,10,1,18,18
521,1,1,1,1,1,1,1,1,1,1,1,1,1,1,1,1,1,1,1,1,1
522,1,7,6,14,17,18,1,16,9,11,12,18,10,5,1,15,13,8,4,18,18
523,3,10,6,8,17,18,1,11,9,15,12,18,14,3,1,16,13,7,5,18,18
524,1,8,8,10,17,18,1,11,5,15,12,18,14,1,1,16,13,7,5,18,18
525,1,1,9,15,18,4,1,17,12,16,13,19,4,4,4,11,13,9,4,19,19
526,5,11,3,16,17,18,5,15,12,8,13,18,7,4,8,10,13,2,1,18,18
527,1,8,1,15,18,13,1,9,11,13,16,19,9,1,1,11,16,1,1,19,19
528,1,1,1,19,17,1,16,1,1,18,1,1,1,1,1,1,1,1,1,19,19
529,1,1,1,19,17,1,16,1,1,18,1,1,1,1,1,1,1,1,1,19,19
530,6,11,4,14,15,17,1,16,12,13,10,17,9,7,3,17,8,5,2,17,17
531,8,6,3,16,17,18,7,13,10,12,14,18,2,4,9,11,15,5,1,18,18
532,7,10,3,13,17,18,4,16,9,12,14,18,8,5,6,11,15,2,1,18,18
533,1,8,6,14,17,18,1,15,7,16,11,18,9,1,13,10,12,1,1,18,18
534,8,9,3,16,17,18,4,14,10,13,11,18,6,7,5,15,12,2,1,18,18
535,1,9,4,14,17,18,5,16,11,10,13,18,7,8,5,15,12,3,2,18,18
536,9,12,4,13,17,18,3,15,7,16,10,18,8,6,5,14,11,1,1,18,18
537,2,11,7,14,17,15,1,12,2,16,4,18,13,9,6,18,4,10,8,18,18
538,8,3,2,17,18,16,15,14,7,13,11,19,10,9,5,6,12,4,1,19,19
539,3,15,1,16,18,17,1,13,5,14,6,19,11,3,8,12,6,10,9,19,19
540,5,13,10,14,16,18,1,8,9,17,6,18,15,1,4,11,7,12,3,18,18
541,5,8,6,15,16,18,1,14,12,17,10,18,9,3,3,13,11,7,2,18,18
542,3,12,10,17,15,18,1,11,6,16,6,18,14,3,5,13,6,9,1,18,18
543,6,16,7,17,13,18,1,14,5,15,7,18,7,3,4,10,11,12,1,18,18
544,6,16,7,17,13,18,1,14,4,15,7,18,7,3,5,10,11,12,1,18,18
545,1,1,8,17,15,18,1,16,9,14,11,18,1,1,1,13,11,9,1,18,18
546,1,13,1,11,14,17,1,12,9,16,7,17,15,6,7,17,1,9,5,17,17
547,1,10,8,12,15,18,1,13,14,16,6,18,17,1,1,11,5,9,7,18,18
548,1,13,10,12,17,18,1,15,1,15,8,19,14,1,1,1,8,11,1,19,19
549,1,11,6,7,16,18,1,7,12,17,14,18,13,1,1,7,14,10,1,18,18
550,5,4,3,16,17,18,6,11,8,9,13,18,10,12,7,15,14,2,1,18,18
551,5,8,4,16,17,18,1,6,11,10,13,18,12,1,7,15,13,9,1,18,18
552,6,10,3,13,16,18,1,17,12,14,11,18,9,5,4,15,7,8,2,18,18
553,3,10,4,16,15,18,11,17,12,13,8,18,9,2,4,14,6,7,1,18,18
554,7,12,3,14,15,17,1,16,11,13,10,17,5,8,4,17,9,6,2,17,17
555,9,8,2,14,16,17,6,13,12,15,10,17,4,7,5,17,11,3,1,17,17
556,9,7,3,16,14,17,6,11,10,15,12,17,5,8,4,17,13,2,1,17,17
557,5,9,4,17,16,18,1,15,7,14,12,18,3,6,11,10,13,8,1,18,18
558,8,16,3,14,17,18,1,11,7,4,15,18,13,5,9,6,12,10,1,18,18
559,9,16,3,10,15,17,1,8,11,12,13,17,14,5,6,17,4,7,1,17,17
560,4,10,5,15,17,18,1,12,7,16,14,18,11,6,1,8,13,9,3,18,18
561,10,17,1,1,14,18,1,15,9,16,1,18,11,12,13,1,1,1,1,18,18
562,9,17,1,1,13,18,1,14,16,15,1,18,10,11,12,1,1,1,1,18,18
563,10,17,1,1,14,18,1,14,1,16,1,18,12,11,13,1,1,1,1,18,18
564,7,9,6,15,17,18,1,16,10,12,13,18,4,4,1,11,14,8,3,18,18
565,4,7,1,14,17,18,1,16,10,11,12,18,8,6,5,15,13,8,3,18,18
566,3,9,5,14,17,18,1,11,10,15,12,18,7,8,5,16,13,4,2,18,18
567,6,8,5,14,16,17,4,12,11,15,13,17,9,3,2,17,10,7,1,17,17
568,4,8,5,15,17,18,10,14,9,16,13,18,7,3,1,12,11,6,2,18,18
569,3,8,4,15,17,18,1,16,10,11,13,18,5,7,1,12,14,9,5,18,18
570,12,1,1,1,18,12,1,1,1,17,12,19,1,1,1,1,12,12,1,19,19
571,1,1,1,1,18,14,1,1,1,14,14,19,1,1,1,1,14,1,1,19,19
572,1,1,1,1,17,13,1,1,1,13,13,19,1,1,18,1,13,1,1,19,19
573,3,7,5,13,17,18,1,14,12,16,10,18,8,9,2,15,11,6,4,18,18
574,5,7,4,12,17,18,1,13,9,15,10,18,14,8,1,16,11,6,3,18,18
575,4,7,6,12,15,17,1,13,9,16,10,17,14,1,1,17,11,8,5,17,17
576,5,8,6,15,16,18,1,14,11,17,13,18,7,4,3,10,12,9,1,18,18
577,6,16,8,13,14,17,4,11,15,12,9,17,2,5,3,17,7,10,1,17,17
578,5,10,7,14,15,17,1,13,9,16,12,17,6,4,1,17,11,8,1,17,17
579,14,9,4,17,16,18,1,8,6,11,15,18,5,3,13,12,7,10,2,18,18
580,12,11,4,16,15,17,3,5,10,8,14,17,6,2,13,17,7,9,1,17,17
581,13,11,4,17,16,18,1,7,5,10,15,18,6,3,14,9,8,12,1,18,18
582,5,9,6,14,15,17,1,13,11,16,12,17,8,3,4,17,10,7,2,17,17
583,5,9,6,15,16,17,3,14,13,11,12,17,8,4,1,17,10,7,2,17,17
584,5,12,8,14,16,17,1,13,11,15,9,17,6,3,4,17,7,10,2,17,17
585,7,9,5,11,16,18,1,12,10,17,15,18,4,3,6,13,14,8,1,18,18
586,7,9,5,13,17,18,1,12,10,16,15,18,3,4,6,11,14,8,1,18,18
587,7,8,6,11,17,18,1,13,10,16,14,18,1,1,5,12,15,9,1,18,18
588,4,9,6,16,17,18,1,13,10,12,14,18,8,3,2,11,15,7,5,18,18
589,7,10,2,16,17,18,5,15,9,11,12,18,8,4,3,14,13,6,1,18,18
590,3,9,5,16,17,18,1,14,4,11,15,18,10,7,8,12,13,6,2,18,18
591,1,9,9,13,16,18,1,1,1,17,15,18,1,1,1,9,14,9,1,18,18
592,1,8,8,7,14,15,1,8,8,18,15,19,13,1,1,6,15,12,1,19,19
593,4,11,6,13,16,17,1,15,7,14,10,17,9,5,1,17,12,8,3,17,17
594,1,1,1,14,19,17,13,1,1,18,14,16,1,1,1,1,1,1,1,20,20
595,5,8,6,10,17,18,1,14,9,14,12,18,11,1,1,16,13,7,1,18,18
596,1,1,1,14,18,14,12,1,1,17,14,19,1,1,1,1,13,1,1,19,19
597,4,15,6,14,17,18,3,13,10,16,12,18,9,5,2,7,11,8,1,18,18
598,4,15,6,14,17,18,3,13,11,16,12,18,9,5,2,7,10,8,1,18,18
599,7,11,5,15,17,18,1,13,8,16,12,18,6,4,3,10,14,9,2,18,18
600,1,5,6,13,17,18,7,16,10,11,15,18,9,3,2,14,12,8,3,18,18
601,5,9,3,14,17,18,2,15,13,16,12,18,8,4,6,10,11,7,1,18,18
602,4,8,5,13,15,17,1,14,9,16,12,17,11,6,2,17,10,7,3,17,17
603,3,8,5,14,16,17,1,15,10,11,12,17,7,9,1,17,13,6,4,17,17
604,2,8,6,13,17,18,1,16,12,15,10,18,5,9,4,14,11,7,3,18,18
605,4,10,7,14,17,18,1,16,9,13,11,18,8,1,1,15,12,6,5,18,18
606,9,11,8,14,16,18,1,12,1,17,15,18,1,1,13,10,1,1,1,18,18
607,3,9,5,14,17,18,1,15,10,16,11,18,6,7,4,13,12,8,2,18,18
608,1,15,7,10,16,18,1,14,8,17,9,18,6,5,1,13,11,12,4,18,18
609,7,9,5,16,17,19,1,15,11,18,14,19,6,4,1,13,12,8,3,19,10
610,3,7,6,16,18,19,1,11,12,17,15,19,10,4,2,13,14,8,5,19,9
611,1,7,7,11,18,19,1,13,9,15,17,19,12,1,1,16,14,6,5,19,10
612,5,8,6,13,17,18,9,15,12,14,10,18,4,3,2,16,11,7,1,18,18
613,6,9,5,15,17,18,1,16,10,13,11,18,7,4,3,14,12,8,2,18,18
614,5,9,8,16,17,18,1,15,10,14,12,18,3,4,7,11,13,6,1,18,18
615,10,12,3,13,17,18,1,15,6,16,14,18,5,4,7,8,11,9,1,18,18
616,3,5,4,12,15,18,8,14,13,17,10,18,6,2,10,9,16,7,1,18,18
617,4,9,10,12,15,17,1,6,8,16,14,17,7,1,1,17,13,11,5,17,17
618,1,1,1,1,18,14,1,1,1,14,14,19,1,1,13,1,14,1,1,19,19
619,1,1,1,1,18,14,1,1,1,14,14,19,1,1,13,1,14,1,1,19,19
620,1,1,1,1,18,13,1,1,1,13,13,19,1,1,17,1,13,1,1,19,19
621,5,17,6,12,14,18,1,15,13,16,9,18,8,3,4,11,10,7,1,18,18
622,5,17,6,12,14,18,2,15,13,16,9,18,8,3,4,11,10,7,1,18,18
623,5,13,7,15,16,18,1,14,9,17,12,18,8,3,4,10,11,6,1,18,18
624,6,9,5,11,15,17,1,14,13,16,11,17,8,3,7,17,10,4,2,17,17
625,6,9,5,11,15,17,1,14,13,16,11,17,8,3,7,17,10,4,2,17,17
626,4,9,8,14,16,18,1,15,10,17,11,18,6,1,1,13,12,7,5,18,18
627,5,8,6,14,15,17,1,11,13,16,9,17,12,4,2,17,10,7,3,17,17
628,4,14,9,12,15,17,1,11,13,16,7,17,6,3,5,17,8,10,2,17,17
629,7,8,10,11,17,18,1,9,1,16,13,18,6,1,12,15,14,1,1,18,18
630,3,12,6,12,17,18,1,14,9,15,11,18,8,1,3,16,10,7,5,18,18
631,1,8,4,16,17,18,1,14,7,11,13,18,10,8,5,15,12,6,3,18,18
632,3,10,4,14,16,17,1,15,9,11,13,17,8,4,4,17,12,7,2,17,17
633,10,7,1,15,17,18,4,16,9,12,13,18,6,8,5,11,14,2,3,18,18
634,10,7,2,15,17,18,4,16,9,14,13,18,5,8,6,12,11,3,1,18,18
635,8,7,3,13,16,17,1,15,10,14,12,17,4,5,9,17,11,6,2,17,17
636,12,8,4,13,16,18,1,10,5,17,15,18,7,9,3,11,14,6,2,18,18
637,9,11,4,14,16,18,2,10,6,17,15,18,8,7,3,12,13,5,1,18,18
638,5,12,6,7,16,18,1,10,14,17,13,18,8,1,1,9,15,11,1,18,18
639,1,12,4,13,17,18,1,7,7,16,15,18,4,1,14,7,7,7,4,18,18
640,5,12,5,14,17,18,1,16,10,15,13,18,1,1,9,8,11,5,1,18,18
641,1,1,1,1,16,18,1,1,1,17,1,18,1,1,1,15,1,1,1,18,18
642,1,17,1,19,18,1,1,1,1,15,1,1,1,1,16,1,1,1,1,19,19
643,1,16,1,19,18,1,1,1,1,15,1,1,1,1,17,1,1,1,1,19,19
644,1,17,1,19,18,1,1,1,1,15,1,1,1,1,16,1,1,1,1,19,19
645,4,15,7,12,16,18,1,17,14,13,11,18,9,2,3,5,10,8,6,18,18
646,5,16,6,11,14,18,1,12,17,15,9,18,10,2,4,13,8,7,3,18,18
647,3,17,8,15,10,18,1,11,7,16,13,18,6,2,4,14,12,9,5,18,18
648,4,10,8,13,17,18,5,16,9,14,11,18,3,1,6,15,11,7,1,18,18
649,4,8,1,16,17,18,10,14,9,12,15,18,7,5,6,13,11,1,1,18,18
650,4,10,6,13,17,18,1,12,8,15,14,18,5,3,9,16,11,6,2,18,18
651,1,7,7,16,17,12,6,11,9,18,14,19,1,1,1,15,13,10,1,19,19
652,1,1,7,16,17,13,1,12,8,18,14,19,8,1,1,11,15,10,1,19,19
653,3,12,3,14,17,13,1,9,8,18,16,19,7,3,3,11,15,10,1,19,19
654,4,13,6,17,16,18,1,11,10,15,14,18,8,2,5,9,12,7,3,18,18
655,5,14,6,15,16,18,1,9,13,17,11,18,12,3,4,8,10,7,2,18,18
656,3,16,11,14,12,17,1,13,5,15,10,17,8,4,6,17,9,7,1,17,17
657,7,9,5,13,16,17,1,14,10,15,11,17,3,6,4,17,12,8,2,17,17
658,3,8,6,14,17,18,10,16,9,15,11,18,7,4,2,13,12,5,1,18,18
659,6,9,7,13,16,17,1,15,10,14,11,17,4,5,3,17,12,8,2,17,17
660,4,10,9,16,14,18,1,15,6,17,13,18,5,7,1,11,12,8,1,18,18
661,4,10,8,16,14,18,1,15,9,17,13,18,5,6,1,12,11,7,1,18,18
662,1,11,9,16,14,18,1,15,7,17,13,18,6,1,1,10,12,8,1,18,18
663,11,6,4,16,14,17,1,8,7,15,12,17,5,9,10,17,13,3,1,17,17
664,11,6,3,16,14,17,1,8,7,15,12,17,4,9,10,17,13,5,2,17,17
665,5,6,4,15,16,18,1,11,8,17,14,18,1,10,12,9,13,7,1,18,18
666,2,9,7,15,17,18,3,16,10,14,11,18,5,8,4,12,13,6,1,18,18
667,2,9,5,14,17,18,3,16,11,13,10,18,4,8,7,15,12,6,1,18,18
668,8,11,6,14,16,17,1,13,10,15,12,17,4,5,3,17,7,9,2,17,17
669,8,16,3,13,14,18,1,15,11,17,9,18,12,7,2,4,10,6,5,18,18
670,8,17,2,11,14,19,6,16,13,18,10,19,15,7,1,3,9,4,5,12,19
671,9,14,3,16,13,18,1,15,7,17,11,18,10,5,2,6,12,8,4,18,18
672,7,9,5,13,14,18,1,12,10,17,16,18,4,2,3,11,15,8,6,18,18
673,8,9,5,13,15,19,1,12,10,18,17,19,4,2,3,11,16,7,6,14,19
674,7,9,5,13,14,18,1,12,10,17,16,18,3,1,6,11,15,8,4,18,18
675,5,12,9,13,15,17,1,14,4,16,8,17,6,3,11,17,7,10,1,17,17
676,4,15,9,13,14,17,1,12,3,16,6,17,8,7,10,17,5,11,1,17,17
677,1,13,1,12,16,18,1,10,1,17,15,18,1,1,14,1,1,11,1,18,18
678,1,10,5,12,17,18,3,15,7,14,7,18,13,11,1,16,7,5,4,18,18
679,1,7,4,15,18,19,14,17,9,12,10,19,8,6,3,16,11,4,2,13,19
680,3,9,8,14,17,18,1,16,11,10,12,18,7,4,4,15,13,6,1,18,18
681,4,9,8,14,17,18,1,15,10,16,13,18,3,6,5,11,12,7,2,18,18
682,2,9,6,15,17,18,1,16,10,12,14,18,5,8,4,13,11,7,3,18,18
683,1,10,4,14,17,18,1,16,9,15,11,18,6,8,7,12,13,4,3,18,18
684,2,12,6,11,16,17,13,14,7,15,9,17,8,3,4,17,10,5,1,17,17
685,3,9,6,15,18,19,2,14,11,16,13,19,8,7,4,10,12,5,1,17,19
686,2,9,6,14,17,18,1,16,10,15,11,18,8,4,5,13,12,7,3,18,18
687,9,7,5,14,15,17,1,12,10,16,13,17,6,3,4,17,11,8,2,17,17
688,7,8,3,15,16,18,2,12,13,17,14,18,9,5,4,18,11,6,1,10,18
689,7,9,3,14,15,17,1,10,11,16,12,17,6,4,4,17,13,8,1,17,17
690,7,9,8,15,16,18,1,11,2,17,12,18,5,6,3,13,14,10,3,18,18
691,3,9,6,17,15,18,1,14,6,16,13,18,11,3,3,10,12,8,1,18,18
692,8,10,6,12,16,18,1,12,6,17,15,18,2,2,5,11,14,8,2,18,18
693,2,9,5,13,17,18,1,11,15,10,16,18,5,5,3,11,14,5,3,18,18
694,1,8,4,17,18,19,9,11,15,10,14,19,4,6,2,16,13,6,2,12,19
695,1,6,6,16,17,18,4,11,12,10,13,18,6,4,1,15,14,6,1,18,18
696,1,1,1,1,1,1,1,1,1,1,1,1,1,1,1,1,1,1,1,1,1
697,1,1,1,1,1,1,1,1,1,1,1,1,1,1,1,1,1,1,1,1,1
698,1,1,1,1,1,1,1,1,1,1,1,1,1,1,1,1,1,1,1,1,1
699,8,15,10,11,16,18,1,13,1,17,4,18,7,3,5,14,9,12,6,18,18
700,5,16,9,12,15,18,1,13,1,17,6,18,10,1,1,14,7,11,8,18,18
701,8,16,5,12,17,15,1,13,1,18,9,19,7,1,6,14,10,11,1,19,19
702,4,11,7,14,16,18,1,10,8,17,12,18,6,1,3,15,13,9,5,18,18
703,4,15,8,11,16,18,3,13,14,17,7,18,6,5,1,10,9,12,2,18,18
704,5,16,10,9,18,19,3,15,8,17,6,19,7,1,1,14,11,12,4,13,19
705,2,7,3,10,17,18,8,15,10,16,12,18,6,1,9,14,13,3,5,18,18
706,7,11,4,14,18,19,6,15,10,12,16,19,3,8,9,17,13,4,1,2,19
707,9,11,6,16,17,18,1,12,5,10,14,18,1,1,8,13,15,6,4,18,18
708,1,11,1,11,18,1,1,11,1,16,11,19,1,1,16,1,11,1,1,19,19
709,1,17,1,13,13,18,1,13,10,16,12,18,1,1,1,1,10,1,1,18,18
710,1,9,1,16,17,18,1,14,1,14,11,18,8,1,13,11,1,9,1,18,18
711,1,1,1,1,1,1,1,1,1,1,1,1,1,1,1,1,1,1,1,1,1
712,1,1,1,1,1,1,1,1,1,1,1,1,1,1,1,1,1,1,1,1,1
713,1,1,1,1,1,1,1,1,1,1,1,1,1,1,1,1,1,1,1,1,1
714,10,8,1,15,17,18,4,16,9,12,13,18,5,7,6,11,14,2,3,18,18
715,10,7,2,16,18,19,4,17,9,15,14,19,5,8,6,13,11,3,1,12,19
716,8,6,3,13,17,18,1,16,11,14,12,18,7,5,9,18,10,4,2,15,18
717,6,10,9,15,16,18,1,14,8,17,11,18,7,4,1,13,11,5,1,18,18
718,4,8,5,15,16,18,3,14,10,17,13,18,9,6,1,11,12,7,2,18,18
719,1,11,9,12,18,13,9,17,8,16,14,19,1,1,1,7,14,1,1,19,19
720,6,7,1,11,17,18,7,15,7,16,13,18,5,1,12,7,13,1,1,18,18
721,4,5,3,12,18,19,5,16,10,17,13,19,8,1,11,15,14,9,7,1,19
722,7,9,1,11,17,18,1,10,8,13,15,18,1,1,11,16,14,1,1,18,18
723,2,7,3,10,17,18,8,15,10,16,12,18,6,1,9,14,13,3,5,18,18
724,7,11,4,14,18,19,6,15,10,12,16,19,3,8,9,17,13,4,1,2,19
725,9,11,6,16,17,18,1,12,4,10,14,18,1,5,8,13,15,6,3,18,18
